Time,Euler1,Euler2,Gyro1,Gyro2m,target_theta1,target_theta2,target_stroke1,target_stroke2
21:00:15,-0.25,-1.5,-0.001090830782496456,0.006544984694978736,-0.06821082909618534,0.022698035062930274,0.5994232089723048,0.7863401235980773
21:00:23,-5.875,-2.125,0.2683443724941282,0.00545415391248228,-0.509719739715964,-0.3165384033778433,0.3029343099107347,0.4286198214694438
