Time,Euler1,Euler2,Gyro1,Gyro2m,target_theta1,target_theta2,target_stroke1,target_stroke2
20:49:57,-0.25,-1.5,0.0,0.0,-0.06812328616563944,0.022785577993476167,0.5768642710002289,0.8894666971847104
20:50:01,-0.25,-1.5,-0.001090830782496456,0.0,-0.0681816481193367,0.022727216039778907,0.5768642710002289,0.8926894026092926
20:50:05,-0.25,-1.5,0.002181661564992912,0.0,-0.0681816481193367,0.022727216039778907,0.5768642710002289,0.8926894026092926
20:50:09,-0.25,-1.5,0.002181661564992912,-0.1407171709420428,-0.06821082909618534,0.022698035062930274,0.5768642710002289,0.8926894026092926
20:50:13,-0.25,-1.5,0.0,0.0,-0.0681816481193367,0.022727216039778907,0.5768642710002289,0.8894666971847104
20:50:17,-0.25,-1.5,-0.002181661564992912,0.001090830782496456,-0.06815246714248807,0.022756397016627537,0.5768642710002289,0.8894666971847104
