Time,Euler1,Euler2,Gyro1,Gyro2m,target_theta1,target_theta2,target_stroke1,target_stroke2
19:00:13,-0.0625,-1.0,-0.022907446432425576,0.0,0.013231190538201765,0.013231190538201763,0.8185671778439001,0.8056763561455711
19:00:18,0.4375,-1.125,-0.02181661564992912,-0.009817477042468103,0.027737857582205143,0.05046507362198404,0.7992309452964065,0.8121217669947356
19:00:22,0.4375,-1.25,0.022907446432425576,0.002181661564992912,0.042661544777627444,0.08811597685718522,0.8185671778439001,0.9668116273746853
19:00:26,0.8125,-1.5625,0.08617563181722002,0.19416787928436915,0.0570430014386982,0.06840660945858765,0.8056763561455711,0.9088029297322041
19:00:29,0.625,-1.1875,-0.02399827721492203,0.006544984694978736,0.034586900666095065,0.08004133274565285,0.8669077592126344,0.9023575188830396
19:00:33,0.4375,-1.1875,-0.05235987755982989,-0.014180800172453928,0.01051735969127919,0.055971791770836984,0.8314579995422293,0.918471046005951
19:00:38,0.4375,-1.1875,0.06217735460229799,0.003272492347489368,0.03534560606415944,0.0694364301238278,0.7702265964751659,0.8056763561455711
