Time,Euler1,Euler2,Gyro1,Gyro2m,target_theta1,target_theta2,target_stroke1,target_stroke2
1681449715.0483193,[-1.52027958],[0.24748737],[-0.00154267],[1.08420217e-19],-1.2170995903534614,0.19798989873223338,1.1086106660563058,0.34482948043030437
1681449715.1026883,[0.2032932],[-0.50381358],[0.00385667],[0.00077133],0.16482437645440443,-0.4026129019200324,1.1086106660563058,0.34482948043030437
1681449715.157509,[0.2032932],[-0.50381358],[-0.00154267],[0.00308534],0.16175863296030646,-0.40129901185113326,1.1053879606317234,0.34482948043030437
