Time,Euler1,Euler2,Gyro1,Gyro2m,target_theta1,target_theta2,target_stroke1,target_stroke2
1681245699.3806002,[-1.63518443],[1.016466],[0.],[0.],-0.21022674836795482,0.1306814922287287,0.828235294117647,0.828235294117647
1681245699.4354656,[-0.61871843],[1.06066017],[0.],[-0.],-0.07954525613922614,0.1363632962386734,0.828235294117647,0.828235294117647
1681245699.491087,[-0.61871843],[1.06066017],[0.00077133],[0.00077133],-0.07951607516237752,0.13639247721552203,0.828235294117647,0.828235294117647
1681245699.5469239,[-0.61871843],[1.06066017],[0.],[-0.],-0.07954525613922614,0.1363632962386734,0.828235294117647,0.828235294117647
1681245699.6021428,[-0.61871843],[1.06066017],[-0.00154267],[-0.00154267],-0.0796036180929234,0.13630493428497614,0.828235294117647,0.828235294117647
1681245699.6571321,[-0.61871843],[1.06066017],[-0.00077133],[-0.00077133],-0.07957443711607477,0.1363341152618248,0.8314579995422293,0.828235294117647
1681245699.712477,[-0.61871843],[1.06066017],[-0.002314],[-0.002314],-0.07963279906977204,0.13627575330812752,0.828235294117647,0.8314579995422293
1681245699.7675965,[-0.61871843],[1.06066017],[0.00077133],[0.00077133],-0.07951607516237752,0.13639247721552203,0.828235294117647,0.8314579995422293
1681245699.8228946,[-0.61871843],[1.06066017],[0.00077133],[0.00077133],-0.07951607516237752,0.13639247721552203,0.828235294117647,0.8314579995422293
