Time,Euler1,Euler2,Gyro1,Gyro2m,target_theta1,target_theta2,target_stroke1,target_stroke2
1681477187.531168,[0.02927983],[0.02156649],[0.09153669],[-0.048342],0.0753983998131548,-0.010195390293232309,0.9152483405813686,0.715440604257267
1681477187.5907826,[0.03005117],[0.02233783],[0.07379601],[-0.07688135],0.06594230969300571,-0.025782967401577296,0.9539208056763561,0.7541130693522544
1681477187.6490698,[0.02927983],[0.02156649],[0.03137265],[-0.10850604],0.04123725802177754,-0.04435653208460956,1.0183749141680019,0.8153444724193178
