Time,Euler1,Euler2,Gyro1,Gyro2m,target_theta1,target_theta2,target_stroke1,target_stroke2
1681446033.1221611,[13.94768126],[12.356691],[0.01696934],[0.01696934],522.9697645223879,465.04334349704436,0.4350652323186084,0.19013962005035476
1681446033.182184,[14.03606961],[12.356691],[0.03316736],[0.03316736],526.3927329362768,465.2060064130165,0.4415106431677729,0.19013962005035476
1681446033.24223,[14.12445795],[12.356691],[0.03933803],[0.03933803],529.7341493178383,465.2873099003871,0.4511787594415198,0.19013962005035476
1681446033.3024776,[14.2128463],[12.26830265],[0.01465534],[0.01465534],532.7275417590594,461.7215364967643,0.45440146486610206,0.19013962005035476
1681446033.3625174,[14.30123465],[12.356691],[-0.02314002],[-0.02314002],535.627478258824,464.6405591336846,0.49307392996108945,0.19013962005035476
