Time,Euler1,Euler2,Gyro1,Gyro2m,target_theta1,target_theta2,target_stroke1,target_stroke2
1681483125.8373494,[-0.0694509],[-0.11341693],[0.03509569],[0.06132104],-0.03563338669833262,-0.05591545584456293,1.0473792629892424,0.8572396429388875
1681483125.8918474,[-0.07137923],[-0.10686059],[0.0478227],[0.08099005],-0.029949659006247978,-0.03950232012359453,1.0473792629892424,0.8540169375143053
1681483125.945856,[-0.07446457],[-0.09760458],[0.06479204],[0.09873073],-0.022782733466631268,-0.022024358031770636,1.0506019684138246,0.8572396429388875
1681483125.9998252,[-0.07716424],[-0.08642024],[0.06672038],[0.09757373],-0.023847559837486765,-0.013733830482429037,1.0506019684138246,0.8572396429388875
1681483126.0543938,[-0.07947824],[-0.07562157],[0.06826305],[0.09603106],-0.024822834349119992,-0.005970818148609398,1.0506019684138246,0.8604623483634698
