Time,Euler1,Euler2,Gyro1,Gyro2m,target_theta1,target_theta2,target_stroke1,target_stroke2
1681490857.7464206,[0.14343724],[-0.10030425],[-0.01079867],[-0.00617067],0.0917671300205863,-0.07514951369772452,1.0022613870450903,0.6735454337376974
1681490857.8063772,[0.14343724],[-0.10030425],[-0.004628],[-0.01079867],0.09670366661854005,-0.07885191614618983,1.053824673838407,0.6252048523689631
1681490857.8646946,[0.14189457],[-0.10030425],[-0.00771334],[-0.01234134],0.09315553093876076,-0.08008605029567827,1.053824673838407,0.6219821469443808
1681490857.924117,[0.14266591],[-0.10107559],[-0.002314],[0.00848467],0.09801493415237149,-0.06396517296798558,1.0087067978942548,0.6671000228885328
1681490857.9836042,[0.14266591],[-0.10107559],[0.006942],[0.00539934],0.1054197390493021,-0.06643344126696245,1.0280430304417487,0.7122178988326848
1681490858.0426245,[0.14266591],[-0.10107559],[0.004628],[0.01079867],0.10356853782506945,-0.062113971743752924,1.0699382009613183,0.6928816662851911
1681490858.1020348,[0.14266591],[-0.10107559],[0.01002734],[0.01157001],0.10788800734827897,-0.06149690466900871,1.0473792629892424,0.6574319066147859
1681490858.1608346,[0.14266591],[-0.10107559],[-0.00925601],[-0.00617067],0.09246133047967353,-0.0756894473881257,1.0087067978942548,0.6735454337376974
